word,frequency
v,8
free,219
entry,26
in,80
wkly,14
comp,10
win,61
f,14
cp,5
finl,16
tkts,4
st,32
my,19
text,121
receive,35
qestionstd,2
txt,152
rtetcs,2
pply,30
overs,2
freemsg,12
hey,5
there,11
drling,2
its,12
been,43
weeks,13
now,190
nd,142
no,77
word,22
bck,23
id,3
like,13
some,6
fn,9
yo,289
p,112
for,205
it,28
still,7
tb,1
ok,5
xxx,12
std,9
chgs,1
send,67
rcv,4
winner,16
s,64
vled,11
network,25
csmer,49
hve,136
selected,25
prize,93
rewrd,10
clim,119
cll,350
code,29
kl,2
vlid,23
hors,6
only,84
hd,18
yor,263
mobile,124
months,6
or,273
more,30
r,170
entitled,8
pdte,19
the,204
ltest,36
color,17
mobiles,12
with,109
cmer,33
co,5
on,151
six,3
chnces,2
csh,66
from,129
ponds,17
cost,30
pdy,2
dys,36
tsndcs,2
reply,101
hl,8
info,12
rgent,64
won,73
week,50
membership,2
jckpot,2
tc,21
wwwdbknet,2
lccltd,2
pobox,30
ldnwrw,2
xxxmobilemovieclb,1
se,31
credit,9
click,5
wp,13
link,6
next,16
messge,32
here,6
httpwp,1
xxxmobilemovieclbcomnqjkgighjjgcbl,1
englnd,9
mcedoni,1
dont,22
miss,7
golstem,1
news,10
ntionl,12
tem,3
eg,12
trywles,1
scotlnd,1
poboxoxwwq,1
thnks,14
sbscription,4
ringne,27
k,29
will,44
be,52
chrged,11
month,5
plese,54
confirm,1
by,39
replying,6
yes,21
if,32
not,24
rodger,1
brns,1
msg,29
we,53
tried,17
re,97
sms,26
noki,69
cmcorder,15
delivery,21
morrow,10
c,27
sptv,2
new,69
jersey,1
devils,1
detroit,1
red,2
wings,1
ply,18
ice,1
hockey,1
correct,4
incorrect,1
end,16
congrts,10
yer,10
specil,11
cinem,3
pss,5
is,158
yors,15
sprmn,3
mtrix,3
strwrs,3
etc,7
ll,29
bxipwe,3
pm,10
ot,56
i,54
m,38
plesed,3
dvise,3
tht,26
following,5
recent,3
review,4
of,97
mob,24
wrded,38
bons,21
complimentry,12
trip,4
erodisinc,2
trv,2
coentry,2
dis,2
morefrmmob,2
shrcomorsglsplt,2
ls,2
j,3
did,2
her,15
bot,8
divorce,1
brbie,1
comes,3
kens,1
stff,1
service,55
representtive,10
between,10
mpm,12
grnteed,50
witing,25
collected,2
simply,3
pssword,3
mix,3
verify,3
get,83
sher,2
britney,2
fml,2
gent,3
trying,15
contct,56
lst,13
weekends,7
drw,38
shows,31
hrs,22
ppm,44
specilly,9
holidy,32
flights,6
inc,8
spek,10
live,29
operr,15
pmin,26
privte,18
ccont,19
sttement,16
nredeemed,16
points,16
identifier,16
expires,17
ws,10
cller,12
this,87
try,6
lndline,32
boxwrc,1
vod,5
nmbers,9
ending,8
wrd,29
mtch,6
qoting,5
stndrd,6
rtes,9
pp,4
snshine,8
qiz,13
q,4
sony,8
dvd,7
plyer,12
know,25
which,8
contry,4
lgrve,2
nsr,4
sptyrone,4
wnt,29
lid,3
night,8
rel,13
dogging,11
loctions,5
sent,10
direct,10
join,16
ks,10
lrgest,4
bt,15
txting,10
grvel,1
nt,4
ec,4
pmsgp,2
yoll,1
ny,25
msgs,6
cht,43
svc,1
hrdcore,2
services,17
go,39
nothing,4
mst,5
ge,15
yr,13
gin,3
why,12
hvent,1
replied,1
im,13
rndy,2
sexy,15
femle,1
locl,5
lv,5
netcollex,4
ltd,15
per,46
sp,125
nnoncement,7
yers,7
rrnge,2
pls,18
bootydelios,1
inviting,6
friend,11
see,19
wwwsmscbootydelios,1
frnd,6
bngbbes,1
order,14
wy,5
shold,7
downlod,3
content,14
do,23
bngb,1
tv,6
internetservice,1
men,3
freephone,8
niqe,2
enogh,2
find,31
th,5
gst,2
wwwreyoniqecok,1
collect,22
dyfrom,2
wwwtcbiz,5
opt,22
gbpmtmsg,3
meet,6
drem,3
prtner,5
soon,3
creer,1
off,4
flyng,1
strt,6
horo,2
followed,3
str,4
sign,2
e,12
g,13
ries,1
someone,14
dy,36
cn,29
dte,9
even,6
flirt,4
jst,78
nme,17
sm,3
recdthirtyeight,1
pence,3
secret,10
dmirer,10
who,49
looking,9
mke,13
they,15
rrevel,8
thinks,10
so,26
specilcll,8
congrtltions,14
cd,8
vochers,20
gift,21
msic,20
tncs,6
wwwldewcomwinppmxge,4
offer,25
video,29
hndset,6
nytime,12
networks,3
mins,38
nlimited,10
relly,1
horny,7
me,30
nked,1
hot,15
t,41
nsbscribe,18
hs,30
chnged,1
credits,9
clbmobilescom,1
choose,10
clb,20
pwk,3
po,30
box,45
mk,1
wt,2
singles,5
chrt,2
ech,8
qlity,2
chrge,10
hmv,11
genine,3
nswer,8
esy,13
qestions,6
infowwwpercentrelcom,3
tmobile,3
phone,46
pgrde,3
py,1
sim,5
crd,4
loylty,7
ends,4
thfebtcs,1
blind,2
rodds,1
berdeen,1
nited,1
kingdom,1
check,4
him,2
httpimg,1
cwicmbcktzr,1
dtes,2
hide,1
themob,3
newest,3
selection,5
gmes,16
nes,27
gossip,1
bbes,2
sport,5
keep,6
fit,1
fnky,1
think,4
smrt,1
weekly,24
nowtcs,1
winnersclb,1
z,3
gbpweek,3
december,5
mths,18
germny,3
minte,7
fixed,2
line,35
vi,3
ccess,7
nmber,30
prepyment,2
vlentines,3
over,13
tke,14
lifetime,2
pmsg,16
rcvd,7
cstcre,10
fncy,9
shg,1
dointerested,1
sextextkcom,1
xxk,1
szy,1
txts,13
website,1
x,12
cshblnce,7
crrently,10
mximize,7
cshin,7
cc,6
hgsitelnds,8
rowwjhl,8
pdtenow,3
xms,15
morol,11
sonyericsson,5
bleoth,9
doble,17
ornge,26
mobilepd,16
clloptfq,1
discont,9
rp,1
frther,3
messges,11
wwwreglportfoliocok,1
reference,4
gbp,5
clling,6
vilble,3
phones,12
clloptndx,2
hlf,13
price,18
rentl,17
mobilesdirect,3
orsptxt,3
first,6
poly,18
tre,3
ne,48
help,23
fter,5
xpw,1
dting,16
boxskch,2
competition,3
wwwtxtwincok,2
logo,4
lover,2
nmes,2
joined,2
hert,3
love,10
mobno,2
dm,2
eve,5
yhoo,2
poboxwwq,5
txtno,2
ds,2
contcted,5
entered,6
becse,2
poboxntfp,1
lnd,18
clls,12
ve,12
vry,6
close,4
post,4
bcm,3
ldn,10
wcnxx,4
lon,4
prpose,4
homeowners,3
tennts,4
welcome,10
previosly,3
refsed,4
pgrdcentre,1
jly,2
tcs,29
optot,4
okmil,1
der,16
dve,2
notice,3
tenerife,7
cwwx,4
mon,1
nyt,2
ctivte,5
terms,8
conditions,4
visit,7
wwwcom,2
b,23
tcssp,3
gb,7
ipod,12
mp,6
ibhltd,3
ldnwh,3
pmtmsgrcvd,3
boltble,1
mono,3
ch,3
slide,1
yeh,1
slow,1
jmz,1
xic,1
come,2
pped,1
httpwwwbbbletextcom,1
renewl,1
pin,1
tgxxrz,1
ttempt,22
boxq,3
worth,13
svmob,13
member,5
offers,13
cs,14
sb,7
nsb,7
recieve,1
within,7
chnnel,2
teletext,1
pg,1
wwwpplsesrecom,1
monthlysbscriptionpmsg,1
mxmonth,1
tcsc,1
web,2
ring,4
clims,2
textnd,1
chnce,27
shopping,8
spree,7
shop,6
tscs,20
wwwtxtshopcom,2
xpwk,5
pond,7
before,5
lines,2
promo,2
n,31
importnt,12
xclsiveclbsisi,1
morow,1
soiree,1
specile,1
zok,1
nichols,1
prisfree,1
roses,1
ldies,3
kick,3
ero,8
kept,3
reslts,3
dily,4
removed,1
textbddy,2
gys,6
serch,2
postcode,3
gytextbddycom,2
one,8
vodfone,6
mtches,8
vocher,16
holder,6
pc,6
httpwwwetlpcokexpressoffer,2
texts,17
rstm,2
sw,2
ss,2
premim,2
sn,2
posts,1
helloyo,1
seem,1
cool,1
gr,7
every,33
wk,21
hi,16
old,2
work,3
lpdncer,1
sex,11
bedroom,1
texperr,3
d,5
ppmsg,1
forwrded,4
immeditely,5
fntstic,7
ngge,1
gme,9
deck,1
wwwcnpdtescomnewsletter,1
lerts,1
tcsbcmwcnxx,2
cllcost,2
mobilesvry,2
mx,3
emil,2
lertfrom,1
jeri,1
stewrtsize,1
kbsbject,1
lowcost,1
prescripin,1
drvgs,1
listen,2
offerthe,2
txtction,4
tctxt,2
pmtmsg,2
sbscribed,3
best,9
helpline,2
relize,1
well,7
thosnds,1
rnning,1
rond,3
ttos,1
premier,2
romntic,1
pris,3
nights,4
book,5
nclimed,1
closingdte,1
climcode,1
mm,1
pmmorefrommobilebremovedmobypoboxlsyf,1
city,3
brek,4
cold,7
smmer,8
sre,8
skilgme,3
tscswinwkge,2
perwksb,2
ever,3
thoght,1
living,1
good,12
life,3
perfect,1
commnity,2
psms,2
polyphonic,5
rte,20
ppoly,1
tne,1
sbpoly,3
pole,1
thmrch,1
vil,1
mz,4
tell,16
mtes,13
wwwgetzedcok,9
wwq,6
normpne,6
getsp,2
php,3
rg,1
jx,1
either,10
were,4
otbid,1
simonwtson,1
shinco,1
plyr,1
bid,7
csmsrewrds,1
notifictions,1
smsservices,1
yorinclsive,1
wwwcomknet,5
login,5
qxj,4
extr,7
comk,3
cm,11
lfie,3
moons,3
children,3
need,10
song,3
ms,3
chrity,9
nokis,3
polys,8
zed,6
profit,3
revel,4
recd,3
cst,6
cre,5
five,3
wed,1
vocherstext,1
nowsvmobmember,1
remove,4
ibiz,4
wit,21
collection,26
sk,3
tlk,5
friends,5
fll,1
worlds,1
most,2
discreet,2
vip,4
yrs,7
spply,3
cds,5
virgin,1
records,5
mystery,1
wwwsmsconet,2
pprox,1
xxxxxx,2
hello,3
posh,1
birds,1
chps,1
ser,8
tril,1
prods,1
chmpneys,1
pt,3
down,1
ddress,4
dob,1
wht,17
how,8
till,3
drop,2
trvel,2
ntt,10
crbt,2
fixedline,2
liverpool,3
plyed,2
mid,2
spsms,1
reminder,2
downloded,1
lredy,1
pid,1
httpdoit,1
mymoby,1
lstest,1
stereophonics,1
mrley,1
dizzee,1
rcl,1
libertines,1
strokes,1
nookii,1
bookmrk,1
jnry,1
mle,3
sle,4
gy,6
cheper,2
chep,4
pek,2
money,4
lcky,8
million,1
give,7
pptxnorml,1
wtjy,1
mtthew,1
lx,2
skxh,7
hp,1
yf,1
getting,4
folks,1
compny,2
enjoy,10
tcrw,3
filthy,2
sries,1
girls,5
vlidhrs,3
videophones,5
videocht,5
wid,5
jv,5
dlod,5
polyph,3
noline,5
pnsonic,1
bleothhdset,1
doblemins,1
dobletxt,1
contrct,4
gess,7
somebody,2
secretly,2
fncies,3
wnn,10
dteboxessexcmxn,2
lshb,2
flirting,1
girl,5
bloke,1
zoe,1
chtting,2
kickoff,2
informed,2
estenders,2
flower,2
does,3
dot,2
compre,2
herself,2
violet,2
tlip,2
lily,2
wkentp,2
lots,2
people,3
registered,4
wwwflirtprtys,1
replys,1
sked,6
cnt,5
reveled,5
w,6
invited,5
xcht,5
sipix,6
digitl,8
mbp,2
wrrnty,2
sbscriber,4
receipt,3
ns,7
when,12
elvis,1
presleys,1
birthdy,1
informtion,8
o,8
log,7
httpwwwrwinnercom,6
srprise,5
bored,4
speed,1
speedcht,2
em,1
swp,1
chtter,1
rcd,1
tking,1
prt,10
srvey,1
yesterdy,3
however,1
wish,2
wwwtxtcom,2
forget,2
plce,5
mny,3
reqests,1
stchoicecok,1
lets,5
other,4
hgsitelndsrowwjhl,3
thnk,1
notified,1
lck,6
ftre,4
mrketing,1
virgins,1
redy,6
fil,2
sexl,1
theirs,1
cte,1
got,8
tkes,4
wrc,2
rlly,4
oz,2
lcozde,2
energy,3
le,2
pcks,2
lcozdecokwrc,2
itcold,2
pic,9
jordn,2
bbe,8
then,10
celeb,3
pocketbbecok,3
pics,12
voicemil,3
choice,3
enter,10
wwwldewcomsbswinppmx,2
delivered,4
door,1
exp,1
pr,1
nok,2
txtin,4
pne,5
completely,1
ccommodtion,1
vrios,1
globl,1
wwwphbcom,1
wwwtextcompcom,2
hngry,2
feeling,2
set,1
moro,1
jne,2
xx,5
cllsminmoremobsemspoboxpow,2
biz,1
jmster,2
videosond,1
gold,1
videosonds,1
logosmsicnews,1
jmstercok,1
lions,3
lionm,2
lionp,2
wwwringnescok,4
originl,4
hrry,5
potter,2
phoenix,2
mong,2
reders,2
blnce,2
qestion,4
sng,1
pwn,1
freedy,2
georges,2
jordntxt,2
scy,3
fntsies,6
min,16
croydon,7
cr,7
wb,7
bers,2
nick,1
pete,1
dick,1
fct,1
types,1
pho,3
plod,2
linerentl,5
very,2
clloptlf,2
pmsgrcvdhgsitelndsrowwjhl,4
wwwldewcom,2
winppmxge,1
rsenl,3
drtbord,1
condition,1
dobles,1
trebles,1
textpod,2
pod,4
wwwtextpodnet,2
optin,1
whts,1
bbc,1
chrts,1
smmers,1
finlly,1
mtched,1
clire,2
hvin,1
borin,1
time,19
lone,3
nite,4
hope,4
boght,1
costing,2
offering,1
xxxxxxxxx,3
rech,5
ltests,1
wordcollect,1
tcllc,1
nys,1
pmt,1
msgrcvd,2
lcy,2
hbby,1
meetins,1
fri,2
hotel,2
cmin,1
leve,2
cllsminmobsmorelkpoboxhpfl,2
credited,1
wwwbiz,1
jsco,2
high,3
where,2
ledership,1
skills,1
strong,1
psychic,1
wqestion,1
vote,1
sing,4
long,1
strs,1
kroke,1
brnd,4
rrive,6
shortly,3
instll,1
browse,1
rtists,1
ction,20
wwworngecokow,1
olympics,1
rtking,1
pro,1
inforingnekingcok,1
redeemble,1
wwwringnekingcok,1
sty,3
british,2
hotels,2
london,4
bx,6
swss,2
eerie,5
rply,5
title,3
drcl,2
titles,3
ghost,2
ddmsf,2
mnsters,2
exorcist,2
twilight,2
llow,1
compnies,1
bill,3
responsible,1
their,1
sppliers,1
freemsgfeelin,1
kind,1
lnly,1
moby,4
pictxt,1
msgp,2
hlp,2
wwwmovietrivitv,2
lookin,1
dytime,1
wiv,2
bsty,1
mrried,2
womn,1
sort,1
jninexx,1
monthly,1
mobsicom,1
digits,1
received,2
ringneget,2
freesend,2
weeksp,2
sorry,3
ordered,3
sfficient,1
hrd,3
connect,2
biggest,3
bcmwcnxx,2
wow,2
boys,2
tickets,3
prebook,1
trckmrqe,1
infovipclb,1
mndy,1
sllivn,1
hotmix,1
fmyo,1
chosen,3
ester,1
drwplese,1
telephone,1
trnsferred,1
else,1
going,4
bhms,4
cllfreefone,2
crise,2
concted,1
poboxntf,1
ibh,2
txtctiontxt,2
wordstrt,2
nowt,2
spce,2
invders,2
orig,2
rcde,6
console,2
press,3
ocokgmes,2
settings,3
prchse,3
big,2
brother,1
lert,4
compter,5
cro,1
mr,2
foley,2
exciting,4
prizes,2
eye,2
wwwwincok,2
hottest,1
stright,2
wet,2
wnting,1
costs,3
gg,2
hck,1
bckdoor,1
rooms,1
frction,1
neo,1
sbscribe,1
dps,1
xnet,1
minstxtmth,1
both,2
optdwv,1
btntionlrte,8
wold,4
nerly,1
bnned,1
xxxxxxx,3
extreme,1
dirty,1
office,1
right,3
tl,1
privcy,1
knows,1
sic,1
listening,1
these,5
videopic,1
fones,1
wild,1
ill,1
prcvd,1
spsp,1
detils,8
rpl,1
cnl,1
tells,2
personl,2
prompts,2
crefl,2
vpod,1
minded,1
yorself,1
theres,4
evening,1
minpn,1
lsbb,1
done,4
del,9
sol,7
sckport,6
costpm,6
mxmins,6
fif,1
world,1
held,1
enjoyed,2
helpp,3
provided,3
nesyocok,2
themobyo,1
yohere,1
downlods,3
members,3
open,1
fone,5
gret,11
freefone,4
strting,4
skillgmewinweek,1
geppermesssbscription,1
om,2
gbpmonth,1
boxm,1
er,1
ges,1
boxnqp,3
gender,2
wither,1
egf,1
egg,1
messgestext,1
nowse,1
webmobile,1
txtcom,1
lw,1
txtx,1
freeringnereply,1
officil,5
flg,9
eng,4
wwx,4
sbs,3
inclsive,5
ip,5
hols,2
med,3
stmped,2
self,2
envelope,2
drinks,2
bry,2
wicklow,2
eire,2
strts,4
strdy,7
wwwidewcom,2
skillgme,2
winweek,2
ppermesssbscription,2
wc,1
mrsms,1
wwwbtelecom,1
bffy,1
stisfy,2
home,2
pix,3
qlynnbv,1
cross,3
ntwk,4
bndle,1
dels,1
lso,3
vble,1
clloptj,1
mf,1
ref,4
y,2
goten,1
scmmers,1
smrtthogh,1
reglr,1
respond,1
prem,1
msgsbscription,1
nos,1
sed,2
bewre,1
morro,1
term,2
pssion,1
den,1
minmobsmorelkpoboxhpfl,1
splshmobile,1
sbscrition,1
herd,3
while,3
rde,3
wn,7
gettin,2
shgged,2
lost,2
ornges,2
weekend,6
pd,2
sptx,1
milbox,2
messging,2
retrieve,2
pb,2
qizwin,2
street,2
dchess,2
cornwll,2
rrow,1
tddnewsletteremccok,1
thedilydrw,1
helen,1
dozens,1
prizeswith,1
nqp,1
freenoki,1
oropthvd,1
ringnes,5
restrictions,1
bddys,1
sir,1
spook,5
hlloween,3
logopic,3
fntsy,5
footbll,2
sky,4
gmestr,2
ctive,2
scoring,2
register,2
nowsky,2
expired,1
resb,1
monoc,1
monos,1
polyc,1
strem,1
drws,1
dlt,4
becsethey,1
wrg,1
bby,2
nsty,1
thing,1
filthygys,1
bitch,1
slo,1
slomsgs,1
comkcm,1
ithis,1
creted,1
pge,1
wwwsjesscom,1
wrote,1
opinions,1
wwwmsictrivinet,1
sppok,1
complementry,1
px,1
sender,1
hol,1
clpm,2
poboxtcrw,1
logos,1
infotxtcok,1
mini,1
snp,1
qizclb,1
sprwm,1
ph,1
broght,2
gmw,1
connected,1
mzing,3
picsfree,2
vid,1
keyword,1
ten,1
trot,1
horniest,1
follow,2
instrctions,2
nyteclpmsgp,1
knock,2
whose,1
wwwtklscom,1
sptxtspweek,1
ccpmin,1
look,3
wq,1
norm,2
prk,1
lp,2
response,1
hit,3
inclde,2
mcflyll,1
sr,1
jorgeshock,1
smithswitch,1
sports,2
fns,1
txtp,1
erope,1
sept,3
bnnfwflyppm,1
fstest,2
growing,2
triffs,6
sptxt,4
lxry,2
cnry,2
islnds,2
mq,1
jmes,1
ehrr,1
women,1
instntly,1
bcmsfwcnxx,1
brger,2
king,3
footy,1
stdim,1
lrge,1
sper,3
coccol,1
wlk,1
little,3
child,1
frid,1
drk,1
become,1
teenger,1
wnts,1
bin,1
instnt,1
wins,1
freemsgfv,1
nesreply,1
mobs,1
brethe,1
crzyin,1
sleepingwith,1
finest,1
ymc,1
getzedcok,1
poboxowwq,1
interflor,2
lte,1
flowers,1
christms,1
midnight,1
romcpspm,1
everyone,2
responding,1
presence,1
since,2
wrm,2
otgoing,1
bringing,1
breth,1
yove,4
freemessge,1
jmsterget,1
crzy,5
frog,1
sond,1
md,2
sonds,1
relity,2
show,4
porn,4
spbcm,1
sf,1
clloptyhl,1
yet,2
pckge,1
resbmit,1
reqest,1
expiry,1
yore,2
driving,2
nyone,1
slower,1
thn,2
idiot,1
fster,1
mnic,1
clloptqf,1
professionl,1
tiger,1
woods,1
improved,2
msgsp,2
minscll,1
clloptjq,1
chrgdp,1
exit,1
nsbscribed,1
hnks,1
httpgotbbescok,1
sbscriptions,1
brod,1
lonely,1
xxsp,1
visionsmscom,2
spcost,1
being,6
lods,1
goodies,1
mt,1
lord,1
ringsretrn,1
nowreply,1
lotr,2
sondtrck,1
stdtxtrte,1
feb,1
removl,2
clssic,1
nokip,1
polyp,1
looktme,2
clip,1
better,1
mms,1
vt,1
cncel,5
httpwwwetlpcokrewrd,1
skilgmetscswinwkgeperwksb,1
deliveredmorrow,3
mintes,5
fromm,4
hv,1
rct,1
thnq,1
drin,1
rgds,1
vtin,1
poboxwtgp,2
missed,2
needs,1
lose,1
boxskwpppm,1
msgwe,1
billed,3
mistke,1
shortcode,1
chrges,2
refndedthis,1
never,1
mch,1
cme,1
mde,1
trly,3
wont,3
gbpsms,1
delmorrow,1
begin,1
smrtcll,1
sbscriptngbpwk,1
lndlineonly,1
cmervideo,2
sve,3
textsweekend,1
cllbck,3
orno,1
fink,1
met,1
promised,1
crlie,1
cllsminmobsmore,1
lkpoboxhpfl,1
movie,2
films,2
ts,3
wedding,1
lingerie,1
wwwbridlpetticotdremscok,1
sperb,1
weddingfriend,1
knickers,1
beg,1
nikiynet,1
bloomberg,2
center,2
httpcreers,2
bloombergcom,2
meetgreet,2
westlife,2
nbrekble,2
ntmed,2
nkempt,2
dorothykiefercom,1
bnk,2
grnite,2
isses,2
strongby,2
explosive,2
pick,2
nsdq,2
symbol,2
cdgt,2
ppmpoboxbhmbxe,1
dring,1
thrs,2
theyre,1
selling,1
fst,1
rock,1
chik,1
filth,1
sristr,1
yt,1
wirenet,1
stterms,1
mobcdb,1
boxcpm,1
bnnedk,1
highest,1
mximm,1
bids,1
flight,1
wwwrtfsphostingcom,1
believe,2
incredible,2
lern,2
things,2
blow,2
mind,2
ofwd,2
ptxt,2
willing,1
ltdhelpdesk,1
recently,2
nble,2
reschedle,2
mynecomenjoy,1
html,1
mfl,1
wmm,1
lidwnt,1
doggin,1
dogs,1
nownyt,1
promotion,1
colorredtextcolortxtstr,1
wildest,1
tfp,1
clss,2
irport,1
longe,1
psses,1
booking,1
qote,1
sxy,1
mil,2
blonde,2
mtlk,2
pptxt,2
increments,2
mobsreqizppm,1
fnk,2
twinks,1
scllies,1
skins,1
jocks,1
iscoming,2
tnc,2
row,1
bl,2
concert,1
november,1
costmx,1
single,1
nowsend,1
cncl,1
spcs,1
ringnefrom,1
httptms,2
widelivecomindex,2
wmlidbeceffffirsttrejl,1
oh,1
god,1
ive,1
fond,1
gld,1
xfter,1
chg,1
pictre,1
httplcokwvewvespo,1
cllopthf,1
xxxxx,1
freeringne,1
pshbtn,1
dontch,1
bbygoodbye,1
golddigger,1
webebrnin,1
gnrls,1
brkleys,1
tlly,1
secred,1
nsecred,1
picked,4
cllopt,2
ringneking,1
hosewives,2
btntionl,2
lndlines,2
receiving,2
triple,1
echo,1
dil,1
xyor,1
ccessible,1
l,2
poboxldns,1
tbspersolvo,1
chsing,1
definitely,1
pying,1
ignore,1
them,2
kth,1
mnchester,1
lons,1
bd,1
noworrieslonscom,1
seson,1
wks,3
gols,1
vill,1
brings,1
heroes,1
tips,1
gsoh,1
spm,1
gigolo,1
mens,1
oncll,1
mjzgrop,1
kp,1
spjnry,1
simpsons,1
relesed,1
bnd,1
died,1
film,2
green,1
bble,1
cred,1
mnd,1
regrd,1
renewing,1
pgrding,1
crrent,2
tel,1
sbject,1
httpwwwwtlpcoktext,1
spnish,2
ez,1
cmon,1
trn,1
sticky,1
replies,1
prizewiting,1
clled,1
left,1
indicte,2
ccident,2
colors,1
norml,1
gprs,1
ccordingly,1
repet,1
block,1
breker,1
delxe,1
formt,1
fetres,1
grphics,1
bbdelxe,1
chllenge,1
dyfind,2
ntlj,2
wwwsmscnt,2
kit,1
strip,1
ig,1
oj,1
thesmszonecom,1
nonymos,1
msked,1
messgesim,1
sending,2
theredo,1
potentil,1
bse,1
polyh,2
shy,1
complete,1
lndmrk,1
bob,1
brry,1
ben,1
nexs,1
renewed,1
wwwclbzedcok,1
billing,1
nother,2
polo,2
site,2
wj,2
bsy,2
recpt,1
processed,1
sbscribers,1
hedset,1
dp,1
floppy,1
snppy,1
hppy,1
kmobiledte,1
giving,1
mgs,1
explicit,2
secs,2
proze,1
norcorp,1
ltdmtmsgrcvd,1
items,1
cfc,1
wining,1
wot,1
cock,1
hbbys,1
mn,1
wife,1
strings,1
rec,1
otbox,1
sexiest,1
dirtiest,1
chtim,1
lgh,1
chitcht,1
logon,1
zf,1
tcsbcmwcnxxcllcostppmmobilesvry,1
mnths,2
spsmsppm,1
sbscribegbpmnth,2
sptxtsp,2
recorder,1
cnnme,1
cpitl,1
strli,1
mqiz,1
ripped,1
wwwclbmobycom,1
polytrepixringnesgmes,1
rndomly,2
loyl,2
csmers,2
chloe,1
smshed,1
missing,1
ptext,1
rymn,1
golf,1
ctiv,1
key,1
termspply,1
sme,1
minstexts,1
coolmob,1
frogxel,1
konlonely,1
blck,1
eyeddont,1
cshbincok,1
wwwcshbincok,1
contined,1
spport,2
president,1
snt,4
ones,2
cllsppm,1
wwwsntcllingcom,1
videos,1
smsshsexnetn,1
fgkslpopw,1
fgkslpo,1
messgethnks,1
pmsgrcvd,1
skip,1
csmercre,1
lyriclldief,1
wwwsmschmmross,1
nr,1
zs,1
pw,1
wrner,2
villge,2
colin,1
frrell,1
swt,1
wkend,1
popcornjst,1
msgticketkioskvlid,1
kiosk,1
mre,1
gol,2
henry,2
scores,1
simple,1
shot,1
yrds,1
bergkmp,1
mrgin,1
sexycht,1
cople,1
prties,1
select,1
dded,2
benefits,1
trined,1
dvisors,1
dilling,1
mel,1
dining,1
experiencehttpwwwvochmecometlpdiningsp,1
donte,2
nicefs,1
sin,1
tsnmi,1
disster,1
fnd,1
texting,1
goldviking,1
his,1
wwwsmscgoldviking,1
phony,1
xxxx,1
freeentry,1
xt,1
pmeg,1
codexx,1
deepest,1
drkest,1
ntlie,1
wwwsmscntliek,1
wllpper,2
ccommodtionvochers,1
mstprovide,1
winwk,1
perweeksb,1
themobhit,1
pink,1
pnther,1
sgbbes,1
zebr,1
nimtion,1
bdss,1
hoody,1
wllpperll,1
resent,1
previos,1
filed,1
de,2
error,1
qeries,1
csmersqeriesnetvisionkcom,1
vco,1
grden,2
blbs,2
seeds,2
scotsmn,2
notxtcok,2
ree,1
mybe,2
compenstion,1
wwwtelediscontcok,1
someonone,1
mxy,2
wwwldewcomwinppmxgesbscription,1
textcomp,1
follows,1
sbseqent,1
chrgedpmsg,1
erotic,1
ecstcy,1
dept,1
dtingi,1
two,1
strted,1
rdio,1
connection,1
coincidence,1
leding,1
pse,1
grprizes,1
psp,1
wktxt,1
httpwwwgrprizescom,1
legitimt,1
efreefone,1
police,1
sttion,1
ilet,1
slen,1
cops,1
sprkling,1
breks,1
person,1
wwwshortbreksorgk,1
wwwgmbtv,1
wmliddfirsttrec,1
plnettlkinstntcom,1
mrvel,1
ltimte,1
spidermn,1
spider,1
bll,1
gsex,1
wcn,1
chtlines,1
incl,1
indi,1
servs,1
ler,1
meg,1
giv,1
shit,1
biliff,1
hose,1
